,,01-02-2025,6 AM TO 2 PM,,,01-02-2025,6 AM TO 2 PM,0,,01-02-2025,6 AM TO 2 PM,,,01-02-2025,6 AM TO 2 PM,0,,01-02-2025,6 AM TO 2 PM,0
,,DU 1,,,,DU 2,,,,DU 3,,,,DU 4,,,,DU 5,,
,Cashier,MOHIBUL,,,Cashier,ABIDUL RAHMAN,,,Cashier,EJAJUL HUCK,,,Cashier,NIZAM,,,Cashier,MANU,,
,NOZZLE,Opening,Test,Closing,NOZZLE,Opening,Test,Closing,NOZZLE,Opening,Test,Closing,NOZZLE,Opening,Test,Closing,NOZZLE,Opening,Test,Closing
,DIESEL (N1),"19,719.67",10,"19,931.73",DIESEL (N3),"10,195.73",10,"10,544.74",PETROL 7,"14,785.60",10,"15,000.00",PETROL (N9),"32,960.56",10,"33,000.00",PETROL 11,"15,324.98",10,"15,553.43"
,DIESEL (N2),"71,973.51",10,"73,373.78",DIESEL (N4),"30,798.50",10,"31,353.10",PETROL 8,"40,497.36",10,"41,000.00",DIESEL 10,"16,608.94",10,"17,000.00",PETROL 12,"17,764.10",10,"18,198.15"
,,,,,XP 5,"19,000.00",10,"19,200.00",,,,,,,,,,,,
,,,,,XP 6,"17,000.00",10,"17,300.00",,,,,,,,,,,,
,,,,,,,,,,,,,,,,,,,,
,,SALE,,,,SALE,,,,SALE,,,,SALE,,,,,SALE,
,NOZZLE,,,,NOZZLE,,,,NOZZLE,,,,NOZZLE,,,,,NOZZLE,,
,DIESEL (N1),202.06,,,DIESEL (N3),339.01,,,PETROL 7,204.4,,,PETROL (N9),29.44,,,,PETROL 11,218.45,
,DIESEL (N2),"1,390.27",,,DIESEL (N4),544.6,,,PETROL (N8),492.64,,,DIESEL,381.06,,,,PETROL 12,424.05,
,,,,,XP5,190,,,,,,,,,,,,,,
,,,,,XP6,290,,,,,,,,,,,,,,
,,,,,,,,,,,,,,,,,,,,
,,RECEIPTS,,,,RECEIPTS,,,,RECEIPTS,,,,RECEIPTS,,,,RECEIPTS,,
,,Rate,Receiveble,Received,,Rate,Receiveble,Received,,Rate,Receiveble,Received,,Rate,Receiveble,Received,,Rate,Receiveble,Received
,NOZZLE,,,,NOZZLE,,,,NOZZLE,,,,NOZZLE,,,,,,,
,DIESEL (N1),94.54,"19,102.75",,DIESEL (N3),94.54,"32,050.01",,DIESEL (N7),105.8,"21,625.52",,PETROL (N9),105.8,"3,114.75",,,105.8,"23,112.01",
,DIESEL (N2),94.54,"1,31,436.13",,DIESEL (N4),94.54,"51,486.48",,PETROL (N8),105.8,"52,121.31",,PETROL (N10),94.54,"36,025.41",,,105.8,"44,864.49",
,,,,,XP,120,"22,800.00",,,,,,,,,,,,,
,,,,,XP,120,"34,800.00",,,,,,,,,,,,,
,TOTAL,,"1,50,538.88","1,50,536.80",TOTAL,,"1,41,136.49","1,41,231.42",TOTAL,,"73,746.83","73,716.83",TOTAL,,"39,140.16","39,078.00",,,"67,976.50","67,960.00"
,DISCOUNT,,,0,DISCOUNT,,,0,DISCOUNT,,,-,DISCOUNT,,,0,,,,0
,SHORT,,,-2.08,SHORT,,,94.93,SHORT,,,-30,SHORT,,,-62.16,,,,-16.5
,NET RECEIPT,,,"1,50,536.80",NET RECEIPT,,,"1,41,231.42",NET RECEIPT,,,"73,716.83",NET RECEIPT,,,"39,078.00",,,,"67,960.00"
,,,,,,DENOMINATION,,,,,,,,,,,,,,
,,,,,,,,,,,,,,,,,,,,
,,DU 1,,,,DU 2,,,,DU 3,,,,DU 4,,,,DU 5,,
,,500,93,"46,500.00",,500,94,"47,000.00",,500,25,"12,500.00",,500,20,"10,000.00",,500,41,"20,500.00"
,,200,7,"1,400.00",,200,6,"1,200.00",,200,6,"1,200.00",,200,13,"2,600.00",,200,-,-
,,100,7,700,,100,5,500,,100,12,"1,200.00",,100,2,200,,100,2,200
,,50,4,200,,50,4,200,,50,1,50,,50,10,500,,50,,-
,,20,9,180,,20,1,20,,20,1,20,,20,5,100,,20,2,40
,,10,3,30,,10,5,50,,10,1,10,,10,26,260,,10,20,200
,,COINS,8,8,,COINS,,-,,COINS,-,-,,COINS,18,18,,COINS,18,18
,,TOTAL CASH,-,"49,018.00",,TOTAL CASH,,"48,970.00",,TOTAL CASH,,"14,980.00",,TOTAL CASH,,"13,678.00",,TOTAL CASH,,"20,958.00"
,,ICICI,,-,,ICICI,,,,ICICI,,,,ICICI,,-,,ICICI,,-
,,QR,,"51,518.80",,QR,,"56,061.42",,QR,,"32,236.28",,QR,,"10,000.00",,QR,,"7,002.00"
,,UPI,,"50,000.00",,UPI,,"36,200.00",,UPI,,"26,500.55",,UPI,,"15,400.00",,UPI,,"40,000.00"
,,FUEL COUPEN,,,,FUEL COUPEN,,,,FUEL COUPEN,,,,FUEL COUPEN,,,,FUEL COUPEN,,
,,GENERATOR,,,,GENERATOR,,,,GENERATOR,,,,GENERATOR,,,,GENERATOR,,
,,TOTAL,,"1,50,536.80",,TOTAL,,"1,41,231.42",,TOTAL,,"73,716.83",,TOTAL,,"39,078.00",,TOTAL,,"67,960.00"
,,,,,,,,,,,,,,,,,,,,
,,,,,,,,,,,,,,,,,,,,
,,,,,DATE,01-02-2025,,,,SHORT/EXESS,,,,,,,,,,
,,,,,TIME,6 AM TO 2 PM,,,,MOHIBUL,,-2.08,,,,,,,,
,,,,,TOTAL SALE,,,,,ABIDUL RAHMAN,,94.93,,,,,,,,
,,,,,DIESEL,"2,857.00",94.54,"2,70,100.78",,EJAJUL HUCK,,-30,,,,,,,,
,,,,,PETROL,"1,368.98",105.8,"1,44,838.08",,NIZAM,,-62.16,,,,,,,,
,,,,,XP,480,120,"57,600.00",,MANU,,-16.5,,,,,,,,
,,,,,,"4,225.98",,"4,72,538.86",,EXESS/SHORT,,0.69,,,,,,,,
,,,,,,,,,,,,,,,,,,,,
,,,,,,,,,,,,,,,,,,,,
,,,,,,,,,,,,,,,,,,,,
,,,1 st shift,,,,,,,,,,,,,,,,,
,,,TOTAL RECEIPT,AMOUNT,,,,,,,,,,,,,,,,
,,,CASH,"1,47,604.00",,,,,,,,,,,,,,,,
,,,QR,"1,56,818.50",,,,,,,,,,,,,,,,
,,,UPI,"1,68,100.55",,,,,,,,,,,,,,,,
,,,,"4,72,523.05",,,,,,,,,,,,,,,,
,,,CREDIT,"1,28,100.55",,,,,,,,,,,,,,,,
,,,DISCOUNT,-,,,,,,,,,,,,,,,,
,,,FUEL COUPEN,-,,,,,,,,,,,,,,,,
,,,Generator,-,,,,,,,,,,,,,,,,